time,x,y,z,qx,qy,qz,qw
1675091574.6791806,0.005433610640466213,0.004422550089657307,-0.0008408157736994326,-0.0023689685049071577,-0.00013161935603801632,-0.0024496748960646185,0.9999985545863196
1675091575.8229775,0.005526417400687933,0.003944829106330872,-0.000969617220107466,-0.0021480297804161346,-0.00019796899672805542,-0.0021360361713310145,0.9999988451593407
1675091576.8679292,0.005406918935477734,0.004282793495804071,-0.000958343967795372,-0.0020909176472572156,-0.00029586240768554454,-0.002398167696149745,0.9999987259499064
1675091577.885837,0.005250228568911552,0.00422015693038702,-0.0009660921059548855,-0.0020997888684364365,-0.0004448631139008592,-0.0023426471472765722,0.9999987334004964
1675091578.8313103,0.0054306467063724995,0.004191807471215725,-0.0008729029796086252,-0.002505105337266887,4.7373428066070095e-07,-0.0023380926815191982,0.9999985247839537
1675091579.86395,0.005321891512721777,0.004240588750690222,-0.0009588464163243771,-0.004075166776933524,0.01209216590280449,-0.0025537658955111175,0.9999788475779728
1675091580.9305203,0.29865652322769165,0.005058263428509235,0.017424941062927246,0.002604061411517819,-0.0018815727889020357,0.07227503044300866,0.9993457740293917
1675091581.9202867,0.5747649073600769,0.00815292913466692,0.033920977264642715,-0.0022483624780979044,0.002710650520893729,0.03848760992683285,0.9998132635644124
1675091582.8780077,0.8614965677261353,0.001108866767026484,0.05091441795229912,-0.003530979588221681,-0.001961873257794321,0.012367317823320106,0.999978855028711
1675091583.9051502,1.1583579778671265,0.0012020424474030733,0.06663347035646439,-0.0042349631452598055,0.0021282944588626286,0.04934895892429695,0.9996927355539466
1675091585.0825849,1.4721981287002563,-0.0017132379580289125,0.087754026055336,0.0036899198643543163,-0.00600482195711712,0.049277960606323674,0.9996901344987237
1675091586.239331,1.7736222743988037,0.011222503148019314,0.08013883233070374,0.012341786532958301,-0.02419913034438957,0.16132302799406095,0.9966506747464018
1675091587.3140092,1.9794538021087646,0.1577811986207962,0.07915513962507248,-0.026285790949094195,-0.029203673663014153,0.6929082244242276,0.9404663443229596
1675091588.3583715,2.081833600997925,0.298176646232605,0.08611464500427246,-0.050183308086180746,-0.007433362953819213,1.0463203088756015,0.8660125677306876
1675091589.4245028,2.1975290775299072,0.5690184831619263,0.10578268766403198,-0.05869183424348219,0.002593037764009536,1.2009659144324507,0.8246853849868858
1675091590.4595683,2.2623167037963867,0.8164780139923096,0.10838139057159424,-0.06306081909596929,0.020606792636160984,1.4334108312114207,0.75334592364735
1675091591.5674336,2.260305881500244,1.0491633415222168,0.11035802215337753,-0.06700221715121463,0.04284775870793548,1.6426435375896622,0.68019042646274
1675091592.5160499,2.25331974029541,1.3509849309921265,0.1173880472779274,-0.07184414521833843,0.04091415587131009,1.6315295714180376,0.6841912192664091
1675091593.519123,2.2318403720855713,1.6600064039230347,0.12315729260444641,-0.07636188655583204,0.04654347708411693,1.6787727473357796,0.6665910600963212
1675091594.6909084,2.2195234298706055,1.9679157733917236,0.1313156932592392,-0.07460822143333525,0.039274771539873035,1.6511640126481129,0.6769886806547543
1675091595.8335083,2.200040817260742,2.283980369567871,0.1387036293745041,-0.07713371440123144,0.035796112997417986,1.6642410272767285,0.6721908359276332
1675091596.8172808,2.1892082691192627,2.578040361404419,0.14558863639831543,-0.0758449609720755,0.03880724483370874,1.649462049123888,0.6775986263411254
1675091597.8856342,2.176330089569092,2.8928306102752686,0.15191957354545593,-0.08224587434748389,0.044746543174071514,1.6463476130905914,0.6784780418339896
1675091598.9733186,2.169241189956665,3.2062289714813232,0.1576850712299347,-0.08346019171486438,0.040825035756665205,1.6328599159583448,0.6834678315948389
1675091600.086645,2.163282871246338,3.5219075679779053,0.16534042358398438,-0.08121269389282093,0.039467837397442446,1.6411345620940636,0.6805257232500453
1675091601.0777674,2.170624017715454,3.843737840652466,0.16864454746246338,-0.0788473137215692,0.0485963448389232,1.5966053299121554,0.6964893561253028
1675091602.2995775,2.231947183609009,4.171765327453613,0.17465439438819885,-0.07290475239340238,0.031626412333773786,1.363642114819178,0.7754504087063459
1675091603.1926155,2.3563179969787598,4.477630138397217,0.18989919126033783,-0.06739840013680845,0.013818596288914553,1.2007839295098093,0.8244945643166577
1675091604.2097619,2.533607006072998,4.737878322601318,0.21226632595062256,-0.055681453356651256,-0.011744949259317456,0.9640783672117276,0.8857685745497806
1675091605.225931,2.795889139175415,4.957791328430176,0.23930855095386505,-0.03156706178032068,-0.031751197901513976,0.6859315204912727,0.941609776130116
1675091606.3440325,3.1267850399017334,5.091022491455078,0.26570478081703186,0.0010919424110385678,-0.04229565104037045,0.3275437126357369,0.9863966965208943
1675091607.4477477,3.401916027069092,5.177028656005859,0.29407998919487,-0.0003028926765155522,-0.046173131361653866,0.3944845015205582,0.9803500844568335
1675091608.396308,3.722149133682251,5.242498874664307,0.3303705155849457,0.009169285076429954,-0.05241927443657217,0.15471359862234604,0.9966472658583645
1675091609.5443,4.05422830581665,5.2700629234313965,0.36151963472366333,0.016237941602273605,-0.05876118369122214,0.12905224167754678,0.9974399819160645
1675091610.60937,4.377679347991943,5.268405437469482,0.3991326689720154,0.028035788332700783,-0.058929878008215524,-0.002681903135101402,0.9994673875184519
1675091611.684036,4.676270008087158,5.265729904174805,0.42427369952201843,0.025628741834253236,-0.04026372882383351,0.055621697147256476,0.9993215136740924
1675091612.6530974,4.980749130249023,5.257269382476807,0.43429359793663025,0.041263005119285885,-0.047006310878184514,-0.0019629520777494033,0.999511047869943
1675091613.7343102,5.275465965270996,5.248697280883789,0.46373772621154785,0.03869841184953743,-0.05195621517220107,0.028529119772495563,0.9993666118176757
1675091614.8110073,5.557381629943848,5.290901184082031,0.4965481162071228,0.019996208243192665,-0.05061830985357167,0.2532958071325788,0.9915916500982388
1675091615.9701288,5.789066791534424,5.379880905151367,0.5277523994445801,-0.003072921371729133,-0.04690319040130547,0.4537493361346345,0.9741131698553815
1675091616.9849987,5.961604118347168,5.513025760650635,0.5529264211654663,-0.03648501882762204,-0.03649364769725424,0.7201325944596889,0.9356792491686405
1675091617.9811819,6.100395679473877,5.663964748382568,0.5731071829795837,-0.054448333415156425,-0.027541344670400685,0.8892928473966134,0.9025039530638456
1675091618.917395,6.205556392669678,5.87751579284668,0.5864212512969971,-0.07704419388706026,-0.005676817506441178,1.1872841710137791,0.8283517275238398
1675091620.1509118,6.2998738288879395,6.15092134475708,0.6047245264053345,-0.08730359306163478,0.0020439358139474144,1.3274070536705262,0.7869378558529133
1675091621.4869454,6.306861400604248,6.420193672180176,0.6089804768562317,-0.10153121498344739,0.035935281844612144,1.6333563690289987,0.6829892782958751
1675091622.2591217,6.305283546447754,6.739391803741455,0.6204668283462524,-0.09745295404350603,0.031417494166349265,1.60791200614972,0.6924033868097503
1675091623.200866,6.261526107788086,7.002129077911377,0.6194276213645935,-0.097610505026318,0.06289825893866267,1.8291808300517385,0.6078719161541966
1675091624.345952,6.2092485427856445,7.3178606033325195,0.6240096688270569,-0.10210748299169961,0.05002678836843242,1.7415269311390476,0.6422259748493413
1675091625.3597982,6.150488376617432,7.610573768615723,0.6243420243263245,-0.10010169540162554,0.06259544546966488,1.8301438821562197,0.6074309517038122
1675091626.3757808,6.099381923675537,7.911931037902832,0.6247612237930298,-0.10186746128266809,0.05768795577582544,1.7624278796972215,0.6339928603529925
1675091627.387206,6.05758810043335,8.202221870422363,0.6263166666030884,-0.10101113940929095,0.055910288681957694,1.7586336013463657,0.6355286223376043
1675091628.4166732,6.021812438964844,8.495348930358887,0.6288307309150696,-0.10378675132923257,0.04783939445122812,1.7085264494454286,0.6547669956496521
1675091629.4118755,6.035292625427246,8.829964637756348,0.6367177367210388,-0.0992672434186127,0.026627461710985807,1.5311745775883108,0.7195661099384018
1675091630.528487,6.135998725891113,9.172043800354004,0.6581514477729797,-0.08969035971263237,-0.006635319165450196,1.2463273914591337,0.8113021089719907
1675091631.5545275,6.229321479797363,9.447352409362793,0.6749244332313538,-0.09518842330093209,-0.0024933088547160363,1.309590652223332,0.792309943072033
1675091632.6349263,6.300963401794434,9.73017406463623,0.688048243522644,-0.10232453365903846,0.008919703494994597,1.3725647100952205,0.7724426691762164
1675091633.702827,6.341700077056885,10.028326988220215,0.6995835900306702,-0.10597645815376897,0.02500227361474046,1.5014377043531848,0.7296636908361445
1675091634.7658508,6.362454891204834,10.330901145935059,0.7130393385887146,-0.11137921686536632,0.0304088701231097,1.5522026209095021,0.7118685149181261
1675091635.9393647,6.355714797973633,10.633381843566895,0.7192407250404358,-0.11838251109144923,0.043045269184266176,1.6471368625301201,0.6773266184047196
1675091636.960869,6.332268238067627,10.925376892089844,0.7244239449501038,-0.1203442193011706,0.04586772899700423,1.6897662420430024,0.6614117280556143
1675091638.013385,6.314348220825195,11.241219520568848,0.7303540110588074,-0.12077913940928216,0.03951050996318141,1.6590862622615685,0.6729710643047415
1675091639.1733527,6.290900707244873,11.54895305633545,0.735835611820221,-0.12245523834293115,0.04280514785947786,1.6943523895964512,0.6597285606403257
1675091640.2318158,6.266990661621094,11.86677360534668,0.7416567206382751,-0.12560997689700226,0.04143526818829712,1.670949236483211,0.6683952464605549
1675091641.194195,6.246007919311523,12.169740676879883,0.7466775178909302,-0.12370449406681856,0.045144878024398975,1.6816982949369732,0.6643459276206447
1675091642.351844,6.220819473266602,12.497881889343262,0.7503758072853088,-0.13002976487937565,0.041394132981140155,1.677562666951197,0.6658147805505296
1675091643.4020445,6.199378490447998,12.810153007507324,0.759483277797699,-0.13252965435487124,0.03428368597260253,1.6696035242670062,0.6689116420764656
1675091644.4426253,6.158409595489502,13.123751640319824,0.7626203894615173,-0.13437595105939093,0.05736102672782458,1.7633186897469053,0.6326898173337163
1675091645.5557792,6.083454608917236,13.39556884765625,0.7614268660545349,-0.13753543794000192,0.07536713300605859,1.8953250944566966,0.5796879184855058
1675091646.565133,5.9670729637146,13.62347412109375,0.7521779537200928,-0.1276872612255419,0.11213315310057227,2.133958860969969,0.4779001502752585
1675091647.52599,5.795170783996582,13.829249382019043,0.7342759370803833,-0.11492564777951138,0.1411316142712831,2.357025090701731,0.376977123192953
1675091648.650645,5.582569122314453,13.987592697143555,0.705852210521698,-0.09197273855101484,0.16983408774359376,2.59542992064509,0.26468951846461813
1675091649.843639,5.337093830108643,14.081297874450684,0.6686563491821289,-0.046732284653458224,0.19768983255937864,2.9064432897407975,0.11440980112376956
1675091650.7144032,5.088002681732178,14.122385025024414,0.6308155059814453,-0.023371797626834005,0.202267182334222,3.087126093153411,0.025909570468005277
1675091651.7690187,4.823622226715088,14.071317672729492,0.5854430198669434,0.04144450247872294,0.20553780534822338,-2.7723646418247476,0.1804698132472359
1675091652.8605132,4.525638580322266,13.982121467590332,0.5403825044631958,0.011682236508121384,0.1911282474725274,-2.8711298875409663,0.13364988200368458
1675091654.0698748,4.163663387298584,13.851287841796875,0.516759991645813,0.031225084272217384,0.22334375893096475,-2.753497261575638,0.18990058150207284
1675091655.093385,3.8419320583343506,13.752575874328613,0.44908761978149414,0.03260408638539177,0.21027465305913123,-2.7908757872801737,0.17179020468524098
1675091656.148202,3.520357370376587,13.650147438049316,0.3890748918056488,0.031201071447269656,0.20914854414132764,-2.780072876171536,0.17717142421977644
1675091657.2789907,3.225507974624634,13.563298225402832,0.33590853214263916,0.03673618598345614,0.20624088874067922,-2.7944877964817767,0.1698739391109207
1675091658.2979233,2.9505205154418945,13.493748664855957,0.28868672251701355,0.03418823447722193,0.20499691441199194,-2.83420659554039,0.15053460152405088
1675091659.3806527,2.684154987335205,13.457235336303711,0.24311229586601257,0.015052587168164341,0.2036275080251389,-2.9710605815277518,0.08395716907498871
1675091661.0732532,2.3292388916015625,13.460211753845215,0.1888199746608734,-0.01213431754554013,0.19567210435624738,3.1411815446176976,0.0003880689926928986
1675091661.6287377,1.9697853326797485,13.50153636932373,0.13524584472179413,-0.032704439881030355,0.20329570100191818,3.0312664636510385,0.0531864902690852
1675091662.5885212,1.6787786483764648,13.581191062927246,0.10072930157184601,-0.04028292272764639,0.19297159690268212,2.90260293883403,0.1167057658164815
1675091663.602018,1.3936002254486084,13.653848648071289,0.06063416972756386,-0.047497382511344687,0.1944772553864926,2.910105454297101,0.11261737709573576
1675091664.7286751,1.0909960269927979,13.750837326049805,0.021099885925650597,-0.049042560570758016,0.19069904572035754,2.8623583338891576,0.13617863295513735
1675091665.7027683,0.8114975690841675,13.839046478271484,-0.020429499447345734,-0.04410750925212899,0.19852080984266532,2.885656592995922,0.12479257233932044
1675091666.7493212,0.5183801054954529,13.934015274047852,-0.0642668604850769,-0.04751055147604021,0.1951768362594125,2.8620456197471733,0.1363250728511066
1675091667.830354,0.4344540536403656,13.964179039001465,-0.07889019697904587,-0.05561745116764215,0.1946855895478898,2.8379064509491045,0.14781473382166813
1675091668.9134762,0.4495105445384979,13.955143928527832,-0.07508181780576706,-0.04822943805645519,0.1974444771547448,2.8570249136250596,0.13872023962764266
1675091669.9370646,0.4869398772716522,13.932205200195312,-0.07111313939094543,-0.026402014302885433,0.19921647675647566,3.0237381256450586,0.057285701573848304
1675091671.0071268,0.5141744613647461,13.92586898803711,-0.06740671396255493,-0.021420321967490115,0.20050932318307002,3.0458528296526572,0.04653792779685998
1675091672.0079648,0.5855041742324829,13.913923263549805,-0.05410952866077423,-0.010566371791458626,0.20035096849837222,3.1106664172306107,0.014856472654848567
1675091673.1656606,0.7078485488891602,13.903594970703125,-0.03649544715881348,-0.00742819480987993,0.20001832711725775,3.138929272379648,0.0009542032419237805
1675091674.1664333,0.8653984069824219,13.898480415344238,-0.012555212713778019,-0.013176107662243905,0.20516565935800485,3.118309328182178,0.010905363717416057
1675091675.2120047,1.107811689376831,13.878471374511719,0.02533508650958538,-0.015479245035420874,0.1997414239122457,3.086195252917246,0.026784956919305884
1675091676.3998983,1.4001234769821167,13.835455894470215,0.0588090717792511,-0.01923228403920811,0.1936761266575452,3.096281155174369,0.021617132123931748
1675091677.5614336,1.6846160888671875,13.815591812133789,0.1016482263803482,-0.02143767068302985,0.19416140114890018,3.066426588853704,0.036356909727065186
1675091678.6203954,1.937811255455017,13.787938117980957,0.1391548216342926,-0.01917227636059515,0.20084329904065373,3.076188899144597,0.03156932079302202
1675091679.6943736,2.1667120456695557,13.769463539123535,0.17595185339450836,-0.01795009202701434,0.19650217395463335,3.0884304055984346,0.02556868248308553
1675091680.8015466,2.388948917388916,13.746439933776855,0.20457449555397034,-0.014591911792934767,0.18799303593031771,3.114759558383365,0.012671848069498
1675091681.9202297,2.5644733905792236,13.734024047851562,0.2295130044221878,-0.009308549768613793,0.1939089455464214,-3.127122111550205,0.007651683146792275
1675091683.049348,2.8144001960754395,13.728988647460938,0.2676488161087036,-0.007651838882608616,0.20089847840968159,-3.1123987220259886,0.014906386469471454
1675091684.010812,3.0390753746032715,13.723729133605957,0.30094870924949646,-0.009428434709821765,0.20197310592285664,-3.109874766938322,0.016252511003663553
1675091685.086147,3.275024890899658,13.721474647521973,0.3368661105632782,-0.009846757557688058,0.20202182865836657,-3.1067678082471737,0.017818974920692256
1675091686.144635,3.4929678440093994,13.715941429138184,0.37299323081970215,-0.010775952874240668,0.2007181938103568,-3.090296277014668,0.0260556106658059
1675091687.206032,3.7128429412841797,13.720609664916992,0.40828242897987366,-0.0039094373293411455,0.20234298433741055,-3.058902549931829,0.041319094151239674
1675091688.264315,3.9729065895080566,13.743379592895508,0.4548743665218353,0.010559235354615287,0.2058661500602974,-2.991513134827658,0.07403054880402762
1675091689.4855127,4.23961067199707,13.773873329162598,0.5057430267333984,0.006364229172385239,0.19205480599675828,-2.969861333471664,0.08506067344132763
1675091690.7269003,4.4850664138793945,13.79980182647705,0.5413110852241516,0.00618728955739525,0.1858909977800705,-2.9046508962488637,0.11739810272785092
1675091691.582762,4.697792053222656,13.854547500610352,0.5597871541976929,0.019916222246922726,0.20178430258560753,-2.9217508654862665,0.10813948484606806
1675091692.6437397,4.882482528686523,13.893448829650879,0.5847216844558716,0.02422872639020329,0.20469832769102725,-2.8849715600392454,0.12605227337642685
1675091693.6395566,5.061976909637451,13.933886528015137,0.6185039281845093,0.03119112606616541,0.20341975608450844,-2.8658094548214392,0.13515964879038148
1675091694.8462265,5.253183841705322,13.9736909866333,0.6528444886207581,0.029539806018100547,0.20537781423904408,-2.852101486421383,0.14196703625272283
1675091695.7838173,5.401757717132568,14.004947662353516,0.6736119985580444,0.032738458133187966,0.2050262280995849,-2.8264778734135803,0.1544073748209298
1675091696.6507936,5.5510334968566895,14.046442031860352,0.7061325311660767,0.048172024812464756,0.20369869539607807,-2.7497891561071444,0.19118440780957835
1675091697.841582,5.7170023918151855,14.100359916687012,0.7352195978164673,0.06733009000855125,0.19726982328323453,-2.6021615851761375,0.2618172075170799
1675091698.8797271,5.860315322875977,14.169918060302734,0.758580207824707,0.09346589770008858,0.18194256233094677,-2.410764365847922,0.35150625322351603
1675091699.9196062,5.990801811218262,14.271777153015137,0.7854741811752319,0.12157807036751021,0.162948811785207,-2.1973387471071146,0.44803241057707816
1675091700.8947554,6.089295864105225,14.37600326538086,0.8070893287658691,0.14247620657424725,0.13749363579725746,-1.9786886634730987,0.5424648801141552
1675091701.9423306,6.1249470710754395,14.439523696899414,0.8118546605110168,0.15812725669959438,0.10617693101642367,-1.7516245019487815,0.6342544140389607
1675091703.0188582,6.121580600738525,14.419333457946777,0.8103610277175903,0.158193798645036,0.10518374731891338,-1.7423227972643647,0.6378597380523998
1675091704.0363543,6.1329426765441895,14.242210388183594,0.80787193775177,0.1693643960366878,0.066808690191762,-1.464742434008622,0.7386242912212903
1675091705.0500634,6.111605644226074,13.913590431213379,0.7948586940765381,0.16421106157660462,0.08791374048664119,-1.603011831468365,0.6900235158948901
1675091706.1518712,6.1188812255859375,13.614677429199219,0.7897297739982605,0.16418807969984944,0.06961271400948828,-1.479688253606548,0.7337166087141547
1675091707.262606,6.121168613433838,13.293038368225098,0.778544008731842,0.1605505109927391,0.07667055919727718,-1.5259145513711816,0.7178146869458375
1675091708.3569582,6.129238128662109,12.977624893188477,0.7715109586715698,0.15960832723216936,0.07169471087359021,-1.4937725228406529,0.7290613416261132
1675091709.449576,6.135202884674072,12.665003776550293,0.7655529975891113,0.16197508965297058,0.07026635567810725,-1.50006344752985,0.7268819824368827
1675091710.6294491,6.153542995452881,12.304939270019531,0.7573373317718506,0.15250527026424265,0.07102654462966759,-1.479272520996522,0.7342797278431359
1675091711.7816832,6.169094085693359,11.991151809692383,0.7505060434341431,0.15376560735351205,0.06567709552868806,-1.4626274965060582,0.7400147205254709
1675091712.8543139,6.192000865936279,11.655008316040039,0.7452240586280823,0.15613417401961371,0.06445941548606521,-1.4430345567123017,0.7464689938863466
1675091713.966768,6.212513446807861,11.351985931396484,0.739811897277832,0.15612874210831493,0.06347487100019016,-1.4492876545940747,0.7444390527053921
1675091715.0662603,6.240213394165039,11.06285285949707,0.7372554540634155,0.15565064258692896,0.05830900786738109,-1.4075775538364879,0.7582987080955291
1675091716.1888642,6.277598857879639,10.732601165771484,0.7336846590042114,0.15043361253691617,0.0648820067317276,-1.4133281408445806,0.7564001391470714
1675091717.2620864,6.314487457275391,10.43421459197998,0.7337808012962341,0.15039041227417155,0.054080542493539184,-1.3789700407151284,0.7678200144044899
1675091718.2582414,6.361093044281006,10.132439613342285,0.7358208894729614,0.14915509484588452,0.04897066714832828,-1.35134954119916,0.776742079328234
1675091719.3687785,6.415064811706543,9.854971885681152,0.738033652305603,0.15001975270822127,0.0453387592127761,-1.310445677401841,0.789444349448738
1675091720.355179,6.480961799621582,9.575900077819824,0.7405028343200684,0.14967206263720895,0.03856008115675905,-1.264329771853903,0.8034909342383149
1675091721.2725782,6.561308860778809,9.304464340209961,0.7462241053581238,0.1478106360496368,0.03284611404527836,-1.2031658973816377,0.8213931186722856
1675091722.2358246,6.66116189956665,9.042464256286621,0.7497318387031555,0.14384017294696197,0.026670303665025586,-1.1174029116557544,0.8451689868037081
1675091723.39219,6.802243709564209,8.80378246307373,0.7574111223220825,0.1317757716362082,0.002154034023538502,-0.9241039182396651,0.8931652283468006
1675091724.3647275,6.97134256362915,8.617605209350586,0.7730233073234558,0.11737511074851516,-0.022919904182395805,-0.7187688512553749,0.9346768947243264
1675091725.396421,7.186204433441162,8.475077629089355,0.7989584803581238,0.09751984369596287,-0.05232975062819264,-0.4268377546705656,0.9760869050644656
1675091726.5129604,7.414073944091797,8.42076587677002,0.8232967257499695,0.05810181744637001,-0.07662634908950995,-0.11147259575234818,0.9973554063510572
1675091727.6013505,7.656186580657959,8.423084259033203,0.8713219165802002,0.021559212531343085,-0.1023769739896194,0.1148060355913852,0.9969556482870686
1675091728.67339,7.8938188552856445,8.5226469039917,0.9134864211082458,-0.008767872567807209,-0.10613457153659649,0.4127718785137625,0.9774383127158044
1675091729.7293165,8.144672393798828,8.649210929870605,0.9558437466621399,-0.030307899764439997,-0.07215192989164362,0.626245670649806,0.9508164385989407
1675091730.8103833,8.423650741577148,8.800556182861328,0.9915204048156738,-0.018996367572083818,-0.07640443645651816,0.5139818590163808,0.9665021350756101
1675091731.8202617,8.598530769348145,8.900175094604492,1.014620065689087,-0.026512339727174632,-0.06896854739922056,0.566192196773294,0.9596676926725516
1675091732.9114678,8.76305103302002,8.962309837341309,1.0380314588546753,-0.011422518688897872,-0.07574632076451533,0.38990721288912905,0.9803790473178373
1675091733.9061801,8.914005279541016,8.967169761657715,1.0604088306427002,0.03138147769352899,-0.08204162700080067,0.050586839011850904,0.9986999450357953
1675091734.9365535,9.095515251159668,8.899397850036621,1.083260416984558,0.08143040092202954,-0.0656088726114346,-0.34951768207060535,0.9836551062344013
1675091736.1221168,9.245463371276855,8.770818710327148,1.0932765007019043,0.11667200354832964,-0.026188640790266313,-0.715847887667303,0.935220179527741
1675091737.0816195,9.482491493225098,8.541540145874023,1.1239728927612305,0.12208861515214692,-0.027874028996223776,-0.6582020891900016,0.9447536392858527
1675091738.2418177,9.667019844055176,8.310308456420898,1.1417889595031738,0.12335682869822172,-0.0011974837321354487,-0.9146947077851586,0.8955370233694901
1675091739.2456932,9.790377616882324,8.075292587280273,1.1569324731826782,0.13154263275421424,0.0063827676430761515,-1.0342566208753776,0.8672549247304966
1675091740.3221595,9.871988296508789,7.8164963722229,1.1594864130020142,0.13761643705909168,0.03350378537568216,-1.2553560756182383,0.8066883303965398
1675091741.3971481,9.914780616760254,7.557409286499023,1.1569212675094604,0.1430877477288487,0.053002570155151994,-1.3701537259395131,0.7709197670358763
1675091742.424619,9.93644905090332,7.302240371704102,1.1463946104049683,0.1385501697215925,0.07078728289555775,-1.5099006880839974,0.7244251973398694
1675091743.4206798,9.894600868225098,7.070389270782471,1.1407511234283447,0.13904811417071783,0.08995720885094168,-1.6575501741200003,0.6711624270238065
1675091744.4941194,9.85877799987793,6.860613822937012,1.128246545791626,0.13506808206832205,0.09341582823486891,-1.7033531056003768,0.6541336539213798
1675091745.5737596,9.790855407714844,6.654103755950928,1.115188717842102,0.11765256068582293,0.11451031316494008,-1.8661809634014148,0.5906469547893972
1675091746.6789262,9.709416389465332,6.4507222175598145,1.0944713354110718,0.11534469136804434,0.12494503073901468,-1.899704547966599,0.5767760261323471
1675091747.6524954,9.620431900024414,6.283914089202881,1.0787818431854248,0.10857042186727547,0.13927067342181276,-2.0033309613285666,0.5336220321867626
1675091750.1973171,9.494842529296875,6.120703220367432,1.060398817062378,0.09693279962143186,0.15562245201880995,-2.1648622107092943,0.46388821524936447
1675091750.655107,9.264447212219238,5.905918121337891,1.0239250659942627,0.07502378692865773,0.1739519163329177,-2.3701856464892126,0.37150688642181945
1675091751.431332,9.075501441955566,5.759767055511475,0.9967381954193115,0.07295166214954553,0.17587060108842545,-2.427579502623485,0.34488854688656434
1675091752.538819,8.78409194946289,5.561972141265869,0.9655344486236572,0.048110832295144824,0.1848076772753224,-2.538671043698247,0.29344387871098065
1675091753.6505868,8.485308647155762,5.436285495758057,0.9183662533760071,0.03758589789014315,0.18034582979070996,-2.6924939158956023,0.220073515381022
1675091754.7742803,8.211505889892578,5.303494453430176,0.8875347971916199,0.039867258645311786,0.17716388213061862,-2.628616483635105,0.25093459452715094
1675091755.8353803,7.954469203948975,5.186615467071533,0.8485831022262573,0.037227215359102075,0.1758704447301202,-2.663188158155371,0.23438328943148934
1675091756.9758322,7.705876350402832,5.070352554321289,0.8194922804832458,0.0344302054379139,0.16849367987789882,-2.643109864274575,0.2443538257205341
1675091757.9684095,7.487588405609131,4.976334095001221,0.7831278443336487,0.06157394377746624,0.1651393196819819,-2.59019083937893,0.26872254274609525
1675091759.0904148,7.250036716461182,4.8742170333862305,0.7462339401245117,0.0662805309673911,0.18062304223196823,-2.6501226214530305,0.239246347181592
1675091760.1758456,7.056194305419922,4.778192043304443,0.7124039530754089,0.07491851182153188,0.17014817358370185,-2.6239012711633545,0.2517840295776291
1675091761.1513484,6.929285526275635,4.722236633300781,0.6953250169754028,0.0686899140035326,0.17121804594085716,-2.665396592110386,0.23199917994089542
1675091762.3179884,6.879920959472656,4.70094633102417,0.6884850263595581,0.06848373416160752,0.17026519114893393,-2.667309831947022,0.2311074444510235
1675091763.406726,6.856292724609375,4.691655158996582,0.6844660043716431,0.06825228370730956,0.17159508170511098,-2.67027752114653,0.22964518962443922
1675091764.4448798,6.816760540008545,4.6875224113464355,0.6775467991828918,0.053679727363935476,0.17783702887080594,-2.8094928399916936,0.16222525342878236
1675091765.5737147,6.7315754890441895,4.679159164428711,0.6674509048461914,0.040650816373269685,0.18271556004094267,-2.921237040749599,0.10763094993648369
1675091766.571977,6.622007846832275,4.658016204833984,0.6526332497596741,0.041423836779272166,0.18065211507026366,-2.905901111896431,0.11521359069316084
1675091767.7838945,6.474971294403076,4.626682281494141,0.6335674524307251,0.04448815234298003,0.18353911489469293,-2.8794550307220463,0.1280909088610659
1675091768.8631616,6.274292945861816,4.553966045379639,0.6094298958778381,0.06346221540638478,0.17885451410223865,-2.7214349705178185,0.2048280816169469
1675091769.9029515,6.143549919128418,4.421268939971924,0.590700089931488,0.11018406659774718,0.14090361830044396,-2.257935857426855,0.4223812040244993
1675091770.9287128,6.059817790985107,4.252565860748291,0.5795837044715881,0.12421727667774647,0.10788812674977685,-1.9581011575246137,0.5531479194978871
1675091772.0654955,6.031118392944336,4.097893238067627,0.5735910534858704,0.13130317200764735,0.07784932922781951,-1.7080153304001289,0.653130371126421
1675091773.122899,6.050543785095215,3.9437355995178223,0.574827253818512,0.13249634100098087,0.03699134335337773,-1.3911293797793882,0.7650923627839181
1675091774.1821134,6.105313301086426,3.8032102584838867,0.5822487473487854,0.1259499600008114,0.012543553881257741,-1.1432588689433392,0.8391233859001921
1675091775.1661298,6.198625564575195,3.5526986122131348,0.5936380624771118,0.12554941728373883,0.014849964214056616,-1.1642025467853578,0.8333849036631151
1675091776.2082272,6.329707145690918,3.271883726119995,0.6084225177764893,0.12004466787589196,0.0058980924092150245,-1.0568181065073414,0.8619621175288091
1675091777.4008987,6.463956832885742,2.9693610668182373,0.6213211417198181,0.12044213444490726,0.0086384310799505,-1.0936226403102773,0.8524953300034933
1675091778.5241408,6.604342460632324,2.702942371368408,0.6348574757575989,0.11362083591582524,0.0031614952046271523,-1.013564761288133,0.8728556156811232
1675091779.4866722,6.755564212799072,2.4606728553771973,0.6506056189537048,0.10826619528698544,-0.007632454698127543,-0.9195704953470913,0.8949202229065384
1675091780.5921056,6.938864707946777,2.289109468460083,0.672564685344696,0.07803177660342656,-0.03502624222467716,-0.6377755585409227,0.9489306809464821
1675091781.7254565,7.16505765914917,2.1718037128448486,0.6997042298316956,0.05923164822297419,-0.04757680711846409,-0.41674288843934104,0.9778090950994073
1675091782.7832577,7.416375637054443,2.091993570327759,0.7234281897544861,0.03406535322103361,-0.052724081270145905,-0.15909187362526417,0.9963826601999565
1675091783.805476,7.645026206970215,2.0799105167388916,0.7488698959350586,0.008952421148572991,-0.05077517071513898,0.11094902602592407,0.998123636298541
1675091784.8934681,7.922729969024658,2.140470504760742,0.7764777541160583,-0.008468260132781433,-0.056280167681878414,0.2632825379549223,0.9909620677292883
1675091785.8635116,8.223664283752441,2.20635986328125,0.8099125027656555,-0.00016126529365135376,-0.0627524974228828,0.2666125301994757,0.9906403726895213
1675091786.8947277,8.535038948059082,2.2743194103240967,0.8447145223617554,-0.0025019335213519755,-0.05737960778567962,0.24066866913998086,0.992363538669393
1675091787.880548,8.73121166229248,2.3079886436462402,0.8657765984535217,0.0007278245949840292,-0.05535629134132294,0.21338514238757586,0.9939317689956007
1675091788.9708705,8.936418533325195,2.2809362411499023,0.8905322551727295,0.03490673532560798,-0.048541026600372184,-0.15923075786640586,0.9964206906989507
1675091789.9131763,9.221762657165527,2.1627392768859863,0.9209489822387695,0.06088602545314235,-0.0405248624625009,-0.3574221379484708,0.9835253787952833
1675091791.1758194,9.41755485534668,1.9149304628372192,0.9506116509437561,0.09701034778709085,0.006521665898002929,-1.0724922759379016,0.8585362415995479
1675091792.235222,9.534619331359863,1.6543086767196655,0.9635407328605652,0.10118263672440739,0.01811781017634906,-1.1838170351467932,0.8285259499776557
1675091793.2613902,9.508452415466309,1.365831971168518,0.943375289440155,0.11445707055693866,0.0541702117975035,-1.6554719399105908,0.674048733188216
1675091794.1080403,9.537328720092773,1.0790684223175049,0.9300155639648438,0.11212503520308051,0.029146314058798747,-1.463119763761536,0.7423398012197947
1675091795.2737496,9.519757270812988,0.7791310548782349,0.9518800377845764,0.1225781550352856,0.032951793875186326,-1.5077074021826995,0.7268983003419346
1675091796.4311872,9.521554946899414,0.4775662422180176,0.9594712257385254,0.1168578094134984,0.03453012060166448,-1.5220090471558847,0.722104846808493
1675091797.4615364,9.528103828430176,0.2556827664375305,0.9651505947113037,0.11410368260585037,0.04148960987144811,-1.471699532985149,0.7391014488070532
1675091798.5537698,9.550904273986816,0.06343542039394379,0.9711526036262512,0.1079132071472721,0.031705744923924535,-1.3822507354163274,0.7687662650147715
1675091799.6758447,9.617758750915527,-0.12629736959934235,0.9818318486213684,0.09616542368792083,0.006707186914998297,-1.1584863735757973,0.8358170074898162
1675091800.7922328,9.709783554077148,-0.2785908281803131,0.9933276176452637,0.08770745590630401,-0.005292578655441972,-0.9643222106289738,0.8851937864312402
1675091801.736979,9.832964897155762,-0.41973161697387695,1.007979393005371,0.07432969456617534,-0.0220998945293376,-0.7314633922142679,0.9333073404146909
1675091802.867811,10.001028060913086,-0.5283148884773254,1.0219128131866455,0.05155215188646101,-0.03584347991540027,-0.4999443038235678,0.9685561616843671
1675091803.9549692,10.184396743774414,-0.5959529280662537,1.0436087846755981,0.03330094496970822,-0.041833091906933656,-0.27997379072879,0.989912578956682
1675091805.0912678,10.375715255737305,-0.6212047338485718,1.0624817609786987,0.006897753897609538,-0.04187778604890643,-0.019796919226478738,0.9997265784664896
1675091806.0455785,10.549562454223633,-0.6010890007019043,1.0772451162338257,-0.012187154352345941,-0.043076961779653776,0.16904325606377174,0.9961916482725243
1675091807.0981996,10.691411972045898,-0.5616046190261841,1.093132734298706,-0.02388982081978564,-0.04116646025130051,0.29918687988447423,0.988588406020954
1675091808.1752741,10.757450103759766,-0.5379266738891602,1.1007472276687622,-0.031447849715521725,-0.03845892109895014,0.36189484457557775,0.9834246058993058
1675091809.1892395,10.75494384765625,-0.5393629670143127,1.1007282733917236,-0.030586503849768066,-0.038984475272177466,0.3531754945873399,0.9841991070623558
1675091810.201785,10.680099487304688,-0.5673063397407532,1.0931382179260254,-0.028129151723435563,-0.039266950699574255,0.3159130082122766,0.9873062269611977
1675091811.270655,10.522539138793945,-0.6069133877754211,1.0752700567245483,-0.02542931499960113,-0.04292308849284064,0.2955508137672769,0.9888335332054254
1675091812.433334,10.314607620239258,-0.6628227233886719,1.0564171075820923,-0.030569536968930933,-0.03886767723814346,0.34863951378265723,0.9845952665545101
1675091813.6243637,10.108715057373047,-0.7258275151252747,1.0359313488006592,-0.034719278899423875,-0.04053243435008873,0.4584423917462284,0.9735768951612486
1675091814.6304843,9.943892478942871,-0.7991939187049866,1.019585371017456,-0.04835362386091036,-0.031168494836235863,0.6678400678315977,0.9444975058914946
1675091815.662206,9.836352348327637,-0.8476413488388062,0.9987497925758362,-0.07479923473641022,0.0017430698992086354,1.1979639483281244,0.8253137627634934
1675091816.708603,9.84328556060791,-0.8380885124206543,0.995034396648407,-0.08209595151188387,0.00812453910937743,1.2928531150181566,0.797461929339358
1675091817.834921,9.851797103881836,-0.7381777763366699,0.9978547692298889,-0.08657787795301898,0.025542665003868883,1.4574647569641435,0.7448914212111447
1675091818.7828827,9.89124584197998,-0.5270211696624756,1.0083539485931396,-0.08291968624056704,0.030261370438217635,1.451098153471871,0.746990603514252
1675091819.8434253,9.90191650390625,-0.3520544767379761,1.0176124572753906,-0.08467721517901926,0.040253085511503174,1.5600954037772246,0.7095000018253554
1675091820.9152849,9.884031295776367,-0.20384643971920013,1.0262054204940796,-0.08988550532612084,0.055110671580658355,1.7327970857704709,0.64573233850468
1675091822.0788925,9.809770584106445,-0.016601329669356346,1.0215749740600586,-0.08172883608133653,0.0877118354488567,2.0389763390651248,0.5213357806576159
1675091823.0352283,9.685283660888672,0.1704370677471161,1.0142343044281006,-0.07917469544835058,0.10580084151076333,2.2124049724827928,0.4452115396073775
1675091824.135572,9.51810359954834,0.39733371138572693,0.9997922778129578,-0.0690306593310443,0.10856497239473686,2.2952751991082314,0.4080863971673781
1675091825.2419477,9.305167198181152,0.6019775867462158,0.9891654253005981,-0.07116183816271876,0.11990773106575288,2.409842506057537,0.35490735692059866
1675091826.3374937,9.083916664123535,0.835411787033081,0.9646000862121582,-0.06704826722758966,0.12646106480053376,2.3741249298246627,0.37146336539576014
1675091827.3295627,8.868084907531738,1.0523163080215454,0.9447122812271118,-0.07218796070171342,0.12510172100736064,2.3837053908178123,0.36687958177209185
1675091828.356698,8.673307418823242,1.2658578157424927,0.9313238263130188,-0.07283919532253608,0.12495823120888662,2.3686561021034587,0.37382884348292833
1675091829.550354,8.433815956115723,1.5175378322601318,0.9101143479347229,-0.072751847433224,0.12001983093443376,2.3855865570334847,0.366130058032141
1675091830.6074882,8.22590160369873,1.7107009887695312,0.8978370428085327,-0.060104738537560855,0.1355707526822627,2.5063322446991267,0.3095248103388933
1675091831.7059836,8.016819953918457,1.7844386100769043,0.8765721917152405,-0.01802722926084181,0.16180254195947025,2.937507658935548,0.10080358439505117
1675091832.6914914,7.725179672241211,1.8071951866149902,0.8476899266242981,0.0008238105544729748,0.1656314253030388,3.0818215899338326,0.029812729343184578
1675091833.7871485,7.41347074508667,1.841185450553894,0.8090477585792542,-0.0036780255077560747,0.16567575041278118,3.0725406385790555,0.03424864609984222
1675091834.8535419,7.124507904052734,1.861061930656433,0.7802231311798096,0.008334290985017725,0.1606587526067662,-3.136804122238425,0.002052139560704014
1675091835.7376378,6.870043754577637,1.823790431022644,0.7510887384414673,0.029015483941998845,0.15952819569430596,-2.9063138968921196,0.11583480735055651
1675091836.7735436,6.561568260192871,1.754371166229248,0.7158764600753784,0.025929234344861,0.16379725030627756,-2.9101621681083576,0.11400704535420066
1675091837.9062696,6.266481876373291,1.6960896253585815,0.6821330189704895,0.028098040683525154,0.1661429960247456,-2.8899376945331627,0.12389413286995858
1675091838.9686668,5.947897434234619,1.635596513748169,0.6470305919647217,0.02405182794050673,0.16663375697203348,-2.913367969982845,0.11246739543304246
1675091840.1097164,5.639919757843018,1.5800716876983643,0.6092838048934937,0.02557355117286166,0.1641049981720707,-2.9136796207904023,0.11227702097987059
1675091841.1076622,5.344070911407471,1.5163931846618652,0.5733863115310669,0.026003660340785054,0.1665144409277444,-2.8902242819738864,0.12383610000255489
1675091842.173411,5.046438694000244,1.4516372680664062,0.5394585132598877,0.027752145462059855,0.16776572931965852,-2.877869284215944,0.1298525137309389
1675091843.1850133,4.745384693145752,1.3815878629684448,0.5019624829292297,0.02826648828583592,0.16886987737691017,-2.859216416470372,0.13902416637945098
1675091844.3632603,4.45829963684082,1.2823858261108398,0.4612596929073334,0.03415275748366768,0.16404585257075893,-2.7917650640606047,0.17203523478293484
1675091845.4346395,4.146388053894043,1.1872000694274902,0.41040730476379395,0.030885668180331952,0.17638395522029038,-2.786778495018097,0.17443235637576898
1675091846.4324799,3.8169028759002686,1.0553162097930908,0.4013174772262573,0.0347034757291143,0.17254317951505876,-2.769145346889129,0.18296364236641752
1675091847.4835613,3.5229547023773193,0.9616397619247437,0.3649328649044037,0.03978598778924469,0.1689599014441685,-2.781387884596278,0.17680485617451921
1675091848.4479473,3.214841842651367,0.8501326441764832,0.3232826292514801,0.03548684794491129,0.16474304228838174,-2.768795343651093,0.1832291883062346
1675091849.6602771,2.9667727947235107,0.7082824110984802,0.2814803719520569,0.07557651223564935,0.14585762507078856,-2.4764682866012877,0.3227637462239928
1675091850.8040175,2.7906651496887207,0.5010031461715698,0.26479190587997437,0.11380411268824663,0.120907921738126,-2.142485226753554,0.4743687364152408
1675091851.8231854,2.752984046936035,0.2915932834148407,0.2660093903541565,0.13338538790179252,0.053909133339709814,-1.5649844150220478,0.7060586974055176
1675091852.9696927,2.780362844467163,0.02414553053677082,0.27155178785324097,0.12181803215788962,0.02062230572960471,-1.309896882440584,0.7911842731548946
